variable,coefficient,std_err,t_value,p_value,conf_lower,conf_upper,significance,model
Intercept,0.10089592527863449,0.054293713392366175,1.8583353205091457,0.06312141101441425,-0.005517797557343218,0.2073096481146122,*,FF4
C(year)[T.2023],-0.00240025010394293,0.04325431205172103,-0.05549157968511551,0.9557468380533106,-0.08717714390137296,0.0823766436934871,,FF4
C(year)[T.2024],0.0169213733138146,0.04992161249450689,0.33895886908053174,0.7346407155362584,-0.08092318922558367,0.11476593585321287,,FF4
C(year)[T.2025],-0.0211332914449742,0.05242105614252825,-0.403145090925193,0.6868414909432015,-0.12387667351588173,0.08161009062593334,,FF4
C(year)[T.2026],0.03097623413829347,0.05186397537774864,0.5972591555637538,0.550334369587249,-0.07067528969716601,0.13262775797375295,,FF4
layoff_pct,-0.045646246692930714,0.2467414091560733,-0.18499629571320853,0.8532319410201936,-0.5292505221334959,0.43795802874763445,,FF4
ai_mentioned,0.034415491952233424,0.028827019819834175,1.1938622919513224,0.23253183993740079,-0.022084428676263874,0.09091541258073071,,FF4
log_funds_raised,-0.004595359637082946,0.003544129541954795,-1.2966116454502776,0.19476484351413392,-0.011541725895858782,0.002351006621692891,,FF4
prior_6m_return,-0.02285695888090437,0.06926463219855994,-0.3299946618554279,0.741403995631507,-0.15861314339249521,0.11289922563068648,,FF4
